yelp_feature.avgstar,yelp_feature.location,yelp_feature.business_count,yelp_feature.reviewcount,yelp_feature.five_star_count,yelp_feature.four_star_count,yelp_feature.three_star_count,yelp_feature.two_star_count,yelp_feature.one_star_count,yelp_feature.senti_neg_avg,yelp_feature.senti_pos_avg,yelp_feature.senti_neu_avg,yelp_feature.senti_comp_avg,yelp_feature.senti_compound_pos_count,yelp_feature.senti_compound_neg_count,yelp_feature.senti_compound_neu_count
3.5,13,1,396,4,5,2,5,2,0.049055555555555554,0.21566666666666667,0.7351666666666667,0.6737388888888889,15,3,NULL
3.550338091660406,15,16,1331,52,21,5,12,31,0.05752066115702479,0.18287603305785127,0.7596694214876032,0.42315537190082636,86,29,6
4.3977272727272725,16,3,44,7,2,NULL,1,NULL,0.0422,0.2698,0.6880000000000001,0.6646700000000001,9,1,NULL
2.925,17,3,80,5,NULL,1,3,4,0.0626923076923077,0.103,0.8345384615384616,0.33005384615384614,9,3,1
3.8411465687658852,18,16,3541,102,12,11,11,49,0.050599999999999985,0.17373513513513508,0.7756486486486485,0.5016897297297297,141,43,1
3.720613578582763,19,43,58607,463,186,99,90,170,0.042862103174603185,0.19781448412698402,0.759342261904762,0.601401785714286,834,164,10
3.691048013790165,20,29,51631,330,158,80,67,115,0.04229999999999997,0.1961786666666668,0.761518666666667,0.6389942666666668,643,102,5
2.5,29,1,42,NULL,1,2,NULL,3,0.10316666666666667,0.17366666666666666,0.723,0.21871666666666667,4,2,NULL
4.085595458888327,38,8,88965,269,88,26,36,36,0.026472527472527468,0.2531934065934065,0.7203538461538467,0.8163138461538453,430,22,3
3.471054674503715,39,39,27051,221,148,74,46,126,0.04938699186991868,0.19168292682926807,0.7589300813008126,0.568079024390244,495,109,11
3.3021031482710317,40,77,271260,786,603,377,331,473,0.04994708171206236,0.19184591439688697,0.7582015564202331,0.5798613229571985,2096,447,27
4.994623655913978,58,2,558,24,NULL,NULL,NULL,1,0.042440000000000005,0.19724,0.7603599999999999,0.5614239999999999,19,4,2
3.842385765500042,59,21,83403,359,209,76,74,82,0.03822124999999996,0.23003375000000031,0.7317512499999999,0.6912041249999997,702,92,6
3.913666128219825,60,15,57573,317,105,31,43,88,0.04037842465753421,0.21587328767123284,0.7437328767123289,0.680856164383561,506,78,NULL
4.5,73,1,3648,48,4,1,1,3,0.02866666666666667,0.23033333333333336,0.7410526315789476,0.8840210526315793,55,2,NULL
4.5,74,2,34259,117,73,14,7,3,0.033303738317756994,0.2039345794392523,0.7627663551401864,0.8033514018691584,204,8,2
3.7395715896279595,75,2,1774,12,26,7,3,5,0.048528301886792455,0.1725660377358491,0.7788867924528299,0.6325415094339626,46,7,NULL
3.9981367595619672,79,12,349928,330,282,109,50,48,0.040991452991452994,0.2159670329670331,0.7430329670329683,0.6997031746031757,725,82,12
3.428138376468079,80,29,131294,358,209,131,103,193,0.056744466800804846,0.1789557344064387,0.7642987927565399,0.5061317907444672,770,214,10
3.61328125,88,2,512,10,8,3,5,4,0.06006666666666667,0.21863333333333332,0.7212999999999999,0.62116,25,5,NULL
4.0,91,1,144,3,4,4,1,NULL,0.04025,0.22983333333333336,0.72975,0.6844250000000001,10,2,NULL
3.8840070298769773,94,7,2276,31,29,7,9,14,0.05675555555555555,0.19672222222222216,0.7465111111111112,0.5549922222222221,72,17,1
3.5996640537514,95,12,893,36,5,5,5,28,0.04924050632911392,0.1595569620253164,0.791126582278481,0.4567405063291138,57,19,3
3.938181818181818,97,5,1375,22,18,4,4,7,0.043127272727272736,0.2097999999999999,0.7470545454545457,0.6604018181818182,47,8,NULL
2.0081967213114753,98,3,61,3,1,NULL,1,8,0.06969230769230769,0.14607692307692305,0.7842307692307693,0.1715769230769231,7,5,1
5.0,99,1,9,3,NULL,NULL,NULL,NULL,0.006666666666666667,0.27233333333333337,0.721,0.9807666666666667,3,NULL,NULL
2.9831286486991573,100,28,470887,324,377,293,258,323,0.057107936507936496,0.175503492063492,0.7673917460317472,0.541690857142858,1256,311,8
5.0,105,1,552,18,4,1,NULL,NULL,0.03969565217391304,0.1729130434782609,0.7873478260869566,0.7398739130434783,21,2,NULL
3.0,113,1,2862,7,16,9,10,11,0.09373584905660376,0.13903773584905663,0.7672075471698112,0.21654905660377366,31,22,NULL
3.554165871804655,114,23,41936,172,100,46,31,79,0.05616355140186919,0.18214252336448616,0.7617266355140192,0.5703829439252335,351,73,4
4.0,115,1,42,3,1,NULL,2,NULL,0.036,0.17733333333333334,0.7868333333333335,0.7637,6,NULL,NULL
3.192982456140351,116,6,285,8,10,8,2,9,0.060351351351351355,0.17486486486486486,0.7649189189189189,0.5259189189189191,31,4,2
3.157283288650581,117,7,1119,29,9,1,6,26,0.061323943661971816,0.1432112676056338,0.7954647887323946,0.4285042253521128,53,18,NULL
3.9963963033713665,118,4,96845,151,115,38,21,12,0.031388724035608294,0.24030563798219579,0.7282670623145394,0.8032189910979234,320,16,1
3.906993006993007,119,5,1430,14,17,6,3,13,0.06173584905660375,0.18175471698113205,0.7565660377358492,0.4992509433962265,41,12,NULL
3.093152477839253,120,55,84045,241,242,182,134,177,0.05362500000000003,0.163484631147541,0.7828698770491791,0.5059252049180332,773,189,14
1.2,132,2,15,NULL,NULL,1,1,3,0.10319999999999999,0.07039999999999999,0.827,-0.30948000000000003,1,4,NULL
4.974763406940063,133,3,317,21,2,1,NULL,NULL,0.04029166666666668,0.17125,0.7886250000000001,0.6968458333333333,22,2,NULL
3.2099869167030093,134,12,2293,50,15,13,14,29,0.06114049586776859,0.15313223140495869,0.7857024793388432,0.4540900826446281,89,26,6
3.801324503311258,135,6,151,12,4,5,1,5,0.04551851851851852,0.1628148148148148,0.7916296296296297,0.48763333333333325,20,6,1
3.898038321167883,136,6,2192,48,22,3,4,7,0.051976190476190495,0.17682142857142857,0.7712261904761905,0.6394797619047621,70,13,1
4.083795782463929,137,3,3604,62,18,7,5,7,0.03624242424242424,0.19092929292929298,0.7728383838383833,0.7821222222222225,92,6,1
3.087525954320396,138,18,6261,80,44,23,25,59,0.05541991341991341,0.16794805194805185,0.7766320346320346,0.4794168831168831,174,56,1
3.7444802388622613,139,13,12727,98,72,33,24,38,0.039154716981132064,0.2082415094339622,0.7526452830188679,0.6615211320754708,232,30,3
3.395654752904779,140,16,85979,172,184,129,98,131,0.051617647058823504,0.18633613445378155,0.7620532212885157,0.6164229691876755,600,111,3
4.5,146,1,224,15,NULL,NULL,NULL,1,0.0119375,0.2861875,0.7019999999999998,0.9336125000000001,16,NULL,NULL
1.5,147,1,30,1,NULL,NULL,NULL,4,0.054200000000000005,0.1224,0.8234,0.2621,3,1,1
3.5,149,2,405,11,2,NULL,1,7,0.07523809523809524,0.1050952380952381,0.8195714285714286,0.38677142857142865,15,6,NULL
4.5,150,1,2346,30,12,1,2,1,0.02908695652173914,0.24939130434782608,0.7214347826086955,0.802532608695652,44,2,NULL
1.0,152,1,9,NULL,NULL,NULL,NULL,3,0.13833333333333334,0.03266666666666667,0.8290000000000001,-0.9249,NULL,3,NULL
1.8762886597938144,153,3,194,2,4,NULL,2,12,0.12014999999999998,0.11464999999999999,0.7651500000000001,-0.07306000000000001,9,11,NULL
4.002187231078146,154,8,97612,179,103,27,13,20,0.03196491228070176,0.22933040935672527,0.7387368421052634,0.777788596491228,319,21,2
3.999571701458785,155,5,233482,211,157,51,32,35,0.05025514403292182,0.18331275720164614,0.766444444444445,0.6424460905349796,426,55,5
1.937810573068836,156,7,126983,58,58,42,38,310,0.07864031620553352,0.09947628458498026,0.8218893280632423,0.06320770750988144,257,241,8
3.555029585798817,157,7,1690,27,30,7,9,8,0.0423827160493827,0.19972839506172832,0.7579135802469132,0.6128098765432097,67,13,1
2.9292035398230087,158,2,226,8,1,NULL,NULL,9,0.06572222222222222,0.1178888888888889,0.8166111111111112,0.3074833333333334,13,5,NULL
2.84626890025019,159,21,18386,85,90,49,40,127,0.059207161125319686,0.15406905370843993,0.7867365728900252,0.3757189258312023,272,112,7
3.399066091954023,160,19,8352,86,49,50,25,39,0.056044176706827306,0.18014056224899574,0.76385140562249,0.5633991967871486,201,42,6
1.5,161,1,35,NULL,NULL,2,NULL,3,0.1224,0.1202,0.7569999999999999,0.09922,3,2,NULL
4.0,162,1,399,7,10,NULL,NULL,2,0.042210526315789476,0.2934736842105263,0.6642631578947369,0.7337263157894738,18,1,NULL
4.5,163,1,20,3,1,NULL,NULL,NULL,0.0105,0.36450000000000005,0.62475,0.827375,4,NULL,NULL
3.082340300840008,164,5,5119,31,21,18,15,30,0.0643304347826087,0.15164347826086955,0.7840695652173912,0.4011582608695652,84,29,2
2.088724584103512,165,2,541,9,NULL,NULL,NULL,16,0.07136,0.084,0.8447999999999999,-0.024892000000000004,12,13,NULL
1.5,166,1,16,NULL,NULL,1,NULL,3,0.16075,0.01725,0.8217500000000001,-0.59705,NULL,3,1
3.0,167,1,16,1,1,NULL,NULL,2,0.07024999999999999,0.11549999999999999,0.8145,-0.05564999999999995,2,2,NULL
4.285714285714286,168,3,70,9,2,NULL,1,1,0.029538461538461538,0.2610769230769231,0.7094615384615384,0.6722230769230768,11,2,NULL
3.323529411764706,169,2,68,3,2,1,NULL,4,0.0308,0.1548,0.8144,0.5316599999999999,7,2,1
3.991279069767442,170,3,344,10,7,3,NULL,3,0.029826086956521735,0.2148695652173913,0.7553043478260869,0.8083913043478259,22,1,NULL
3.9544080604534004,171,8,1985,33,18,7,4,13,0.04701333333333333,0.20965333333333339,0.7432533333333334,0.5409786666666666,62,13,NULL
3.4244930629669157,172,13,1874,54,19,14,9,23,0.05436974789915964,0.1518235294117647,0.7937899159663864,0.5182487394957983,92,24,3
3.6191933458882612,173,18,6372,65,62,34,18,42,0.04666515837104071,0.19164705882352948,0.7616696832579186,0.558619004524887,181,39,1
3.8740609335384786,174,64,1773703,1169,1182,631,385,456,0.048899293748365234,0.18977530735024895,0.7613217368558745,0.6350629348679048,3247,544,32
3.6896484909862197,175,31,193537,358,412,216,144,136,0.04330015797788311,0.189925750394945,0.7667788309636652,0.6761563191153243,1102,153,11
3.5808602431690417,176,15,7649,89,20,9,8,48,0.05655747126436781,0.17571264367816097,0.7677126436781607,0.4556258620689652,132,39,3
3.0962094442659813,177,15,3113,33,24,15,10,53,0.06624444444444444,0.1494814814814815,0.7843185185185187,0.35543851851851865,92,41,2
3.49867760539983,178,24,3363217,386,742,568,303,292,0.05879703186381496,0.1635412483631599,0.7776748144914891,0.5071319947621122,1807,438,46
1.677756053013628,179,11,256236,160,130,82,90,345,0.0785377942998761,0.12270136307311026,0.798768277571252,0.17355328376703832,478,321,8
3.623985136147889,180,11,96072,191,180,83,64,68,0.04397440273037542,0.20141808873720143,0.7546058020477822,0.6686580204778161,507,76,3
2.0,181,1,192,1,1,2,4,8,0.09300000000000001,0.08537499999999998,0.8216249999999999,-0.2500875,5,11,NULL
2.831269349845201,182,3,646,13,7,NULL,5,13,0.07442105263157893,0.16744736842105262,0.7581842105263159,0.28192368421052627,24,14,NULL
4.0443073471676945,183,12,3566,57,27,8,8,36,0.06108088235294114,0.16366176470588228,0.7752647058823532,0.5096301470588237,108,28,NULL
3.941747572815534,184,3,103,10,3,NULL,2,1,0.03175,0.19037499999999996,0.7779375,0.6633374999999999,15,1,NULL
2.5074503311258276,185,8,1812,13,16,10,5,46,0.08478888888888886,0.1361777777777778,0.7790333333333335,0.10876999999999999,46,43,1
3.4731517203369813,186,6,12701,45,29,25,15,27,0.04680141843971631,0.21428368794326239,0.7388865248226947,0.6041602836879434,116,22,3
2.1956521739130435,187,4,184,4,3,2,1,14,0.09487500000000003,0.11966666666666669,0.7854583333333335,0.17021250000000002,13,11,NULL
3.424927536231884,188,5,1725,13,16,7,4,15,0.05576363636363637,0.17509090909090913,0.7692,0.44965999999999995,41,12,2
3.009590377113134,189,21,3076,43,41,24,22,70,0.07863000000000002,0.14397,0.7773799999999998,0.2450775,128,68,4
2.3792372881355934,190,6,236,6,5,3,2,19,0.07894285714285713,0.1288,0.7923428571428575,0.06751714285714285,17,18,NULL
4.000929713648197,191,3,10756,54,37,6,8,9,0.032421052631578934,0.22918421052631574,0.7383947368421051,0.7579947368421056,106,7,1
4.020186335403727,192,8,322,25,6,3,4,6,0.05070454545454546,0.15772727272727274,0.7915681818181818,0.5328340909090911,35,8,1
4.067067109710034,193,13,35211,131,86,48,24,17,0.04495424836601306,0.19517320261437907,0.759892156862745,0.7093526143790848,276,27,3
3.634515395964211,194,45,336192,784,636,340,198,206,0.04369177449168212,0.19881238447319766,0.7574921441774483,0.7180348890942695,1938,215,11
4.36304362355469,195,38,403979,739,417,148,105,146,0.04395627009646301,0.20640578778135035,0.7496411575562695,0.6852309324758843,1373,161,21
4.372428979660447,196,18,148725,470,251,72,51,52,0.03613504464285712,0.21995647321428588,0.7439062499999997,0.7667800223214287,823,67,6
3.999446680626227,197,20,92171,277,156,52,56,62,0.04595356550580431,0.19640630182421212,0.7576484245439478,0.6654791044776123,522,73,8
3.0997652582159625,198,10,12354,52,50,25,18,21,0.05515060240963853,0.17053012048192775,0.7742831325301205,0.5913897590361441,137,26,3
3.4733847653623773,199,25,59496,181,177,94,67,83,0.048905315614617924,0.17429069767441868,0.7768272425249165,0.5723480066445179,486,106,10
3.4593209861867287,200,10,42061,88,110,46,27,63,0.052667664670658636,0.17848203592814368,0.7688502994011974,0.5878230538922158,277,53,4
3.311004784688995,204,6,418,12,6,3,3,15,0.06207692307692307,0.16705128205128203,0.770897435897436,0.30733846153846156,25,13,1
3.3658536585365852,205,4,533,11,7,2,2,11,0.049000000000000016,0.2022727272727273,0.7488181818181817,0.5839909090909092,28,4,1
2.7864408169961448,206,32,12191,83,70,46,43,142,0.07277864583333334,0.15251302083333337,0.774734375,0.27077734374999984,242,134,8
3.990633514986376,207,4,2936,39,20,6,6,10,0.06334567901234568,0.21875308641975302,0.7179506172839506,0.5383925925925922,66,14,1
2.4947368421052634,208,3,190,1,1,4,5,11,0.10736363636363638,0.09168181818181816,0.801,-0.030213636363636356,9,13,NULL
4.403225806451613,209,2,620,15,8,1,NULL,4,0.04460714285714286,0.23435714285714285,0.7211071428571428,0.6895250000000003,25,3,NULL
4.483683937525215,210,5,86755,217,89,22,11,6,0.03326376811594203,0.24221449275362322,0.7245246376811588,0.8079776811594199,327,17,1
4.1667268786127165,211,16,2768,103,24,9,10,23,0.040715976331360954,0.18831952662721899,0.7709408284023671,0.6032047337278105,141,25,3
2.8839834024896267,212,14,6025,57,26,21,28,78,0.07299523809523809,0.1433142857142857,0.7836380952380948,0.31897952380952393,141,65,4
3.8657333660090676,213,15,114254,292,293,104,54,58,0.039108614232209724,0.20668164794007457,0.7541960049937574,0.7360719101123595,727,65,9
3.637439421459242,214,70,597365,989,891,426,268,392,0.047793661496965636,0.19756979096426186,0.7546281186783537,0.6219799730276456,2512,423,31
3.987514103046258,215,25,226015,402,349,121,90,102,0.04182894736842106,0.2049849624060149,0.7531954887218048,0.6990517857142864,938,120,6
4.048278722521776,216,30,24110,204,80,28,25,49,0.04681606217616576,0.20320207253886016,0.7499766839378239,0.605470207253886,321,62,3
4.054920746741811,217,27,70975,417,231,85,65,112,0.04436703296703301,0.1991307692307692,0.7564879120879127,0.6749901098901092,798,103,9
3.5652215873996296,218,49,51808,423,230,95,81,224,0.05064102564102562,0.17516999050332363,0.7741699905033239,0.5348245014245012,840,200,13
3.1217309697601667,219,48,47950,258,232,139,142,243,0.06302859960552266,0.15773767258382648,0.7792426035502954,0.40399280078895516,730,275,9
3.7810846560846563,220,10,4536,53,21,11,7,28,0.05376666666666664,0.18123333333333339,0.7649916666666668,0.4726391666666663,90,29,1
4.0,221,1,812,15,7,2,2,2,0.028821428571428574,0.2080357142857143,0.7630714285714284,0.7831178571428571,27,1,NULL
3.9268912529550826,222,18,16920,166,63,30,25,64,0.051612068965517226,0.20469540229885036,0.7437011494252873,0.5681761494252882,280,63,5
2.9382239382239383,223,3,518,12,3,4,4,14,0.06694594594594594,0.15962162162162158,0.7734054054054054,0.43810810810810824,28,9,NULL
2.0,224,1,72,NULL,1,2,NULL,5,0.1235,0.1425,0.734125,0.142025,5,3,NULL
2.872340425531915,225,5,94,5,4,1,3,7,0.0961,0.14845,0.7553999999999998,0.26776999999999995,13,7,NULL
3.950449101796407,226,11,3340,61,25,14,7,16,0.047260162601626014,0.2148780487804878,0.737837398373984,0.6794626016260163,112,11,NULL
3.323644933228594,227,8,1273,24,18,7,6,22,0.054623376623376615,0.1491298701298701,0.7962337662337666,0.382903896103896,54,20,3
3.7889207258834765,228,3,2094,24,13,18,4,9,0.06423529411764706,0.19032352941176475,0.7455000000000002,0.5218838235294119,54,13,1
3.232673267326733,229,12,1111,27,24,15,6,22,0.05346808510638298,0.1739468085106383,0.7725638297872338,0.45778617021276596,70,22,2
3.8706896551724137,230,9,1392,31,24,8,4,11,0.03960256410256412,0.20266666666666674,0.757679487179487,0.6206987179487182,65,12,1
2.958077709611452,231,13,489,28,10,4,8,21,0.05109859154929576,0.16859154929577472,0.7803098591549295,0.47711690140845087,53,17,1
3.989363330272421,232,10,6534,63,30,11,7,20,0.05555725190839694,0.17483206106870228,0.7695725190839688,0.5410358778625953,105,24,2
3.994805371364418,233,21,228024,379,269,74,46,78,0.04589361702127658,0.1974562647754135,0.756634751773051,0.6842157210401884,738,99,9
3.6173618527784654,234,64,270599,739,479,220,149,278,0.04839731903485269,0.18419517426273466,0.7674042895442343,0.6243721179624665,1577,271,17
3.8600398334238637,235,40,27615,279,143,60,43,111,0.05298427672955973,0.1913710691823898,0.7556147798742137,0.5992573899371068,528,104,4
3.3360331746314635,236,44,157108,420,316,116,103,243,0.05132554257095158,0.18359515859766293,0.7650626043405684,0.5819411519198668,973,217,8
3.6567507208468135,237,46,130749,580,227,99,94,189,0.04480403700588737,0.18858788898233855,0.7666139613120277,0.6278703952901606,999,171,19
3.8635591316999816,238,59,204814,862,445,164,120,190,0.043447501403705804,0.20195283548568235,0.7546086468276256,0.6668658057271201,1544,213,24
4.350773072390072,239,42,1715622,1383,789,192,144,175,0.037943719716735026,0.23265374580693343,0.7294088706671615,0.7493791651136777,2441,208,34
4.160480956352516,240,13,122298,399,149,70,38,37,0.03324963924963925,0.23087734487734496,0.7358658008658006,0.8097633477633469,654,37,2
3.2847919655667144,244,8,1394,36,13,14,12,14,0.054775280898876406,0.17850561797752815,0.7666966292134831,0.45984382022471915,64,22,3
3.5244565217391304,245,7,368,15,7,4,3,12,0.06604878048780487,0.19104878048780485,0.7428780487804878,0.4232365853658535,30,10,1
2.9907834101382487,246,2,1736,10,12,5,3,14,0.05356818181818181,0.14415909090909088,0.80225,0.44872045454545445,33,11,NULL
3.6166434540389973,247,5,1436,32,10,5,5,18,0.06482857142857143,0.14179999999999998,0.7933714285714285,0.3646099999999999,49,19,2
3.3890728476821192,248,10,302,20,5,6,2,15,0.05260416666666665,0.14962500000000004,0.797875,0.45282291666666663,37,11,NULL
3.8101604278074865,249,8,561,26,7,2,1,15,0.05858823529411765,0.16627450980392158,0.7752156862745099,0.4620627450980392,37,12,2
3.58020618556701,250,16,2425,47,28,18,11,29,0.05232330827067669,0.15833834586466156,0.7893383458646616,0.48362932330827063,100,28,5
3.511923714577455,251,18,91079,150,157,69,41,77,0.05416599190283401,0.1680060728744938,0.7778097165991891,0.5488360323886636,397,92,5
4.1204937304075235,252,25,5104,140,54,27,22,40,0.05035689045936396,0.17506713780918742,0.7745441696113076,0.5966597173144874,234,46,3
3.820294482880965,253,46,50733,220,211,105,82,132,0.05202133333333333,0.1810306666666666,0.7669213333333331,0.5561658666666669,598,141,11
3.8110210855818316,254,54,142799,790,391,195,130,242,0.04620709382151028,0.1880011441647595,0.7657866132723107,0.6470893592677353,1489,230,29
3.928096801357596,255,64,935772,1258,851,348,229,277,0.04108741140735753,0.20809483631454542,0.7508056024299679,0.7052477556530541,2642,308,13
3.8520305208727454,256,85,634320,1600,1089,484,358,509,0.044315099009901035,0.2041495049504959,0.7515334158415834,0.66636717821782,3486,519,35
3.9134267327387913,257,55,498647,1011,735,314,224,256,0.040159055118110284,0.20683582677165357,0.7530047244094493,0.7286976771653526,2281,243,16
3.8469986226774786,258,15,109633,268,155,85,65,66,0.04176995305164319,0.2239374021909233,0.7342754303599377,0.7306028169014089,571,65,3
3.8865442354413995,259,29,94257,424,206,87,90,104,0.040176728869374304,0.20911855104281002,0.7507036223929751,0.7113593852908895,807,97,7
4.0,264,1,20368,37,71,13,5,8,0.04020149253731343,0.1912388059701492,0.7685597014925373,0.742762686567164,121,12,1
3.13659793814433,265,5,194,11,4,4,1,10,0.07316666666666667,0.1722333333333333,0.7546333333333333,0.2966433333333333,19,11,NULL
3.8665794637017656,267,8,1529,28,18,7,4,12,0.04682608695652175,0.2242028985507246,0.7289855072463767,0.6033594202898551,58,10,1
3.594834199982951,268,49,46924,345,154,78,52,145,0.04393540051679583,0.193078811369509,0.7629741602067188,0.6133860465116282,651,109,14
3.983177339185536,269,19,68806,258,172,61,46,58,0.038799999999999994,0.21748067226890752,0.7437092436974795,0.7122255462184872,532,59,4
3.667471430870755,270,15,6213,68,54,19,17,51,0.057784688995215314,0.1821483253588517,0.7600430622009571,0.46246124401913824,154,52,3
3.802105364353009,271,20,10402,104,64,19,19,34,0.05052916666666667,0.18471250000000003,0.7648125000000002,0.5547575000000001,191,45,4
3.902584204413473,272,11,6888,62,39,17,12,17,0.04408163265306123,0.19219047619047622,0.7637074829931974,0.5939836734693875,121,23,3
3.558482842710329,273,22,11482,94,58,25,28,45,0.04341600000000001,0.1738639999999999,0.7827559999999998,0.6000707999999999,209,38,3
4.018758526603001,274,6,1466,40,3,1,3,7,0.04025925925925925,0.21887037037037038,0.7407592592592595,0.743912962962963,49,5,NULL
4.137209912154189,275,45,68643,531,179,69,90,110,0.04115321756894795,0.21103983656792652,0.7478059244126665,0.6855706843718083,857,112,10
3.92780457627915,276,33,383106,774,345,147,94,158,0.04283399209486166,0.2139499341238471,0.7432154150197623,0.7099470355731216,1341,157,20
3.9985748739311555,277,5,9122,72,15,4,6,14,0.035495495495495494,0.23710810810810806,0.7273603603603607,0.7922819819819822,103,8,NULL
3.510204081632653,278,2,1323,23,7,2,4,15,0.049647058823529405,0.17103921568627453,0.7792941176470589,0.5970803921568627,43,8,NULL
4.5,279,3,49,9,2,NULL,NULL,NULL,0.011545454545454546,0.2731818181818182,0.7152727272727273,0.7724818181818182,10,NULL,1
4.0,280,2,45156,112,59,22,10,9,0.03127358490566038,0.2246179245283019,0.7441273584905661,0.7954731132075468,195,16,1
4.0,282,1,256,6,6,1,2,1,0.0255625,0.30175,0.6727499999999998,0.76734375,14,2,NULL
2.9595330739299612,284,13,1285,16,25,25,11,25,0.061372549019607835,0.1671960784313725,0.7713725490196077,0.4424343137254901,78,23,1
4.5,285,1,24,3,NULL,NULL,NULL,1,0.04375,0.31124999999999997,0.645,0.55135,3,1,NULL
4.0,286,1,169,10,NULL,1,NULL,2,0.04853846153846153,0.14969230769230768,0.8019230769230767,0.5376000000000001,10,3,NULL
4.084507042253521,287,6,71,15,2,NULL,NULL,4,0.043761904761904766,0.1777142857142857,0.7784761904761904,0.4333285714285714,15,4,2
3.465773097175682,288,5,2089,15,17,13,5,10,0.04820000000000002,0.23603333333333334,0.7158166666666665,0.653773333333333,53,7,NULL
3.2619222303741746,289,12,1363,42,15,10,8,34,0.07042201834862387,0.19022018348623865,0.7393027522935779,0.39092293577981635,75,34,NULL
3.93080204778157,290,8,11720,97,46,20,12,17,0.03995833333333334,0.1952291666666667,0.7648124999999998,0.6914729166666667,170,18,4
4.394716874783212,291,19,46128,212,115,33,22,62,0.04759009009009006,0.20620495495495492,0.7462184684684677,0.6502943693693701,374,64,6
3.2960921031295607,292,25,6167,109,40,38,26,70,0.06007773851590103,0.18387632508833923,0.7560070671378087,0.49395618374558314,217,64,2
3.8141179701984482,293,23,29126,183,106,53,31,72,0.04577528089887642,0.20053258426966294,0.7536898876404494,0.5928110112359554,365,69,11
4.0,294,1,25,4,NULL,NULL,NULL,1,0.040600000000000004,0.213,0.7464,0.9086400000000001,5,NULL,NULL
3.8314855312007325,295,19,78652,264,200,75,56,95,0.043817391304347836,0.2057318840579711,0.7504710144927543,0.6431105797101444,593,88,9
3.624854213642271,296,15,180058,246,184,121,80,101,0.0487172131147541,0.21392076502732219,0.7373620218579232,0.6471997267759554,622,109,1
3.0046063137206733,300,3,8141,24,17,16,13,27,0.04870103092783504,0.18308247422680415,0.768237113402062,0.5952474226804125,82,15,NULL
5.0,301,1,20,4,NULL,NULL,NULL,NULL,0.01575,0.15075,0.83325,0.97905,4,NULL,NULL
1.5,302,1,25,NULL,NULL,1,NULL,4,0.0596,0.1146,0.826,0.18556,3,2,NULL
3.6315789473684212,303,2,76,6,1,4,NULL,2,0.08076923076923077,0.21846153846153846,0.7008461538461538,0.37228461538461544,9,4,NULL
4.121383363471971,304,10,2212,48,15,13,2,23,0.042188118811881205,0.22460396039603964,0.733237623762376,0.6097465346534655,84,16,1
3.1450292397660817,305,6,855,20,9,8,3,14,0.06527777777777778,0.16481481481481478,0.7699629629629628,0.4039925925925927,38,16,NULL
5.0,306,1,6,2,NULL,NULL,NULL,NULL,0.0265,0.328,0.6455,0.87275,2,NULL,NULL
3.3607594936708862,307,4,1501,22,11,9,3,14,0.04801694915254237,0.2079491525423728,0.7440169491525427,0.5879406779661019,47,11,1
3.1739130434782608,308,3,437,8,7,3,2,10,0.097,0.1537333333333333,0.7492,0.23161333333333334,19,11,NULL
4.077087874915432,309,12,13303,137,67,22,16,19,0.04083908045977012,0.2270191570881225,0.7321685823754794,0.7302888888888892,240,19,2
3.9667539794479145,310,13,4963,61,41,13,6,13,0.04349253731343283,0.20700746268656714,0.7494776119402984,0.7172604477611944,120,14,NULL
4.252905415565723,311,16,46551,220,115,40,25,44,0.04313063063063061,0.2176554054054052,0.7392342342342336,0.6619799549549551,383,53,8
3.753332039965079,312,41,103090,354,292,151,104,126,0.04716066212268749,0.21021129503407981,0.7426348588120744,0.6554301850048683,880,138,9
3.0542812459272777,313,26,15346,118,72,38,36,81,0.05620289855072458,0.1535623188405797,0.7902434782608698,0.45945855072463754,259,80,6
3.8826273203236554,314,22,10505,103,73,32,21,44,0.04444322344322344,0.18573626373626384,0.7698095238095243,0.6041047619047617,225,44,4
3.984858513983121,315,38,12086,272,65,34,15,58,0.04897297297297298,0.1955157657657658,0.7554954954954967,0.6593087837837837,383,53,8
3.0,316,1,12,1,NULL,1,1,NULL,0.03333333333333333,0.11499999999999999,0.8516666666666667,0.5942333333333334,2,1,NULL
2.5,317,1,6,NULL,1,NULL,NULL,1,0.043,0.2125,0.7444999999999999,0.8653,2,NULL,NULL
5.0,318,2,18,6,NULL,NULL,NULL,NULL,0.018333333333333333,0.15849999999999997,0.8230000000000001,0.7178833333333333,5,NULL,1
4.5,320,1,42,2,4,NULL,NULL,NULL,0.0305,0.23583333333333334,0.7334999999999999,0.9032,6,NULL,NULL
2.5,321,1,12,1,NULL,NULL,1,1,0.10933333333333332,0.1396666666666667,0.7516666666666668,0.19143333333333334,2,1,NULL
4.049668874172186,322,5,151,14,2,NULL,2,5,0.07269565217391304,0.19395652173913044,0.7333043478260869,0.3979130434782609,16,7,NULL
4.505119453924915,323,6,293,30,1,2,1,1,0.05431428571428572,0.2618857142857143,0.6837142857142857,0.6630771428571427,30,5,NULL
4.269675090252708,324,15,4155,110,33,13,3,25,0.040467391304347816,0.2024891304347826,0.7570434782608694,0.6563527173913041,160,23,1
3.8444018974681375,325,20,17497,115,96,37,24,53,0.039559999999999984,0.21843384615384634,0.7419969230769231,0.6447083076923077,280,42,3
3.9064148048710328,326,11,20858,115,53,24,13,52,0.047315175097276244,0.20324124513618672,0.7494591439688714,0.6435443579766535,222,34,1
3.0328216851730896,327,19,6124,90,40,29,27,85,0.0598339483394834,0.17103321033210336,0.7691992619926196,0.42284723247232486,199,69,3
3.520580324394816,328,13,12269,81,56,35,21,61,0.05605511811023622,0.19603937007874014,0.7479094488188979,0.5512027559055114,200,47,7
3.7930560330010312,329,13,2909,63,22,7,9,43,0.07813194444444443,0.17082638888888899,0.7510763888888891,0.39985763888888903,102,40,2
4.226498422712933,330,10,20605,110,68,28,22,34,0.04508778625954199,0.2323282442748092,0.7225916030534348,0.6673553435114504,229,31,2
3.5376314417977253,331,27,32619,169,165,81,74,110,0.05350083472454092,0.1820734557595992,0.7643956594323872,0.5337666110183648,483,109,7
3.6092235250669376,332,44,21662,229,139,106,81,123,0.053766961651917314,0.17579203539823007,0.7689660766961658,0.5545433628318582,549,121,8
3.520319473807846,333,13,4257,67,33,15,17,21,0.05645098039215685,0.19299346405228765,0.7505359477124182,0.5669320261437909,126,27,NULL
3.961136978071493,335,5,106528,205,120,49,31,24,0.03288578088578087,0.23813053613053625,0.728988344988345,0.8129554778554784,404,25,NULL
4.148148148148148,336,13,1728,84,16,3,6,13,0.038573770491803265,0.2013360655737705,0.7600983606557373,0.7125991803278686,108,13,1
3.9166666666666665,337,4,120,13,NULL,1,2,4,0.053749999999999985,0.17225000000000001,0.774,0.5159849999999999,15,5,NULL
3.626500802568218,338,30,31150,199,145,48,34,83,0.04596856581532417,0.19622986247544205,0.7578094302554027,0.6191424361493125,436,71,2
3.6102126518942104,339,8,11192,66,44,25,18,26,0.041804469273743025,0.21512290502793294,0.7430502793296091,0.6877368715083798,157,19,3
3.7254398826979473,340,33,13640,219,72,31,28,113,0.05398056155507561,0.18146436285097187,0.7645550755939526,0.5104889848812096,363,95,5
4.5049504950495045,341,2,101,9,2,NULL,1,1,0.06861538461538463,0.1910769230769231,0.7402307692307694,0.5849076923076925,11,2,NULL
3.1462484624846248,342,15,4065,53,21,24,23,44,0.057515151515151505,0.18118181818181817,0.7612545454545454,0.4651187878787881,122,38,5
4.430443872627855,343,11,6218,65,28,13,10,12,0.04453906250000001,0.1887734375,0.7667109375,0.6493257812500002,109,16,3
2.650271370420624,344,9,1474,30,10,3,9,32,0.06911904761904764,0.14774999999999996,0.7831785714285712,0.3228083333333333,55,28,1
3.5624655091904742,345,13,23557,109,75,32,31,42,0.042643598615916954,0.21231487889273365,0.7450034602076124,0.6321975778546709,248,38,3
3.2365709274281955,346,13,4561,67,28,17,16,50,0.05396629213483146,0.17842134831460682,0.7676404494382022,0.4804679775280902,137,37,4
4.347194050033806,347,14,4437,108,33,12,7,14,0.029373563218390797,0.21941379310344833,0.7511609195402297,0.7414701149425288,159,14,1
3.2047462876924477,348,30,10977,114,71,48,36,90,0.06168802228412257,0.1781309192200558,0.7601587743732598,0.4317919220055706,266,89,4
3.957910208444682,349,30,44904,261,99,57,27,114,0.04751075268817204,0.21422401433691748,0.7382383512544815,0.5835284946236561,460,94,4
4.282876658553819,350,25,38211,312,88,44,30,59,0.042330206378986886,0.22578611632270174,0.7318874296435273,0.708082551594747,476,52,5
3.305100098817846,351,25,54646,222,164,75,48,148,0.0514535768645358,0.18043531202435312,0.7680928462709283,0.5304295281582954,523,128,6
3.9628121469641022,352,25,59307,310,149,69,50,119,0.045487804878048786,0.19456814921090387,0.7599670014347201,0.5888496413199432,572,118,7
3.7128115264797508,353,8,2568,44,21,12,12,10,0.044070707070707045,0.18886868686868694,0.767050505050505,0.6687383838383839,87,12,NULL
3.7367223867964454,355,23,18904,158,110,42,37,59,0.05122906403940885,0.20873399014778338,0.7400418719211828,0.6081689655172413,337,60,9
3.9168515999713653,356,39,13969,292,91,41,42,90,0.0491258992805755,0.18462050359712237,0.7662410071942447,0.5838913669064747,456,92,8
4.0,357,1,651,13,3,NULL,2,3,0.040428571428571425,0.24971428571428575,0.7098571428571429,0.7711476190476192,19,2,NULL
3.936446871294228,358,32,36261,281,157,48,53,97,0.04624371069182393,0.20407861635220131,0.7496902515723269,0.6382555031446543,543,86,7
3.758682054752958,359,79,85694,540,340,156,127,232,0.04832473118279568,0.199762007168459,0.7518982078853054,0.6048900358422937,1162,208,25
3.2634423363148994,360,34,69203,360,210,99,95,208,0.050832304526749,0.1899331275720164,0.7592016460905349,0.5598096707818929,787,171,14
3.5,361,1,529,3,8,6,3,3,0.07239130434782609,0.1690869565217392,0.7586086956521739,0.3133173913043478,15,8,NULL
4.555555555555555,362,3,324,20,1,1,NULL,5,0.08607407407407405,0.2118148148148148,0.7020000000000001,0.5979703703703705,22,5,NULL
2.7295268425841672,363,4,2198,16,15,8,13,21,0.04447945205479452,0.1731917808219178,0.7823287671232875,0.5910027397260273,63,10,NULL
3.0,364,1,6,1,NULL,NULL,NULL,1,0.042,0.1565,0.8015,0.6934,2,NULL,NULL
3.8174191507109367,365,9,104299,211,166,77,51,57,0.0414056939501779,0.2159679715302492,0.7426227758007117,0.6758583629893242,495,64,3
3.695187165775401,366,4,187,15,1,NULL,1,8,0.03692,0.16487999999999997,0.7981999999999999,0.474188,18,7,NULL
4.060698027314112,367,3,1977,38,3,1,2,10,0.049796296296296304,0.14890740740740738,0.8012407407407408,0.401811111111111,39,14,1
3.8421084483175987,368,10,8262,70,46,28,13,31,0.05232978723404254,0.20164361702127667,0.746021276595745,0.5991595744680854,160,26,2
2.5,369,1,9,NULL,NULL,1,2,NULL,0.041666666666666664,0.10033333333333333,0.858,0.3166,2,1,NULL
4.5,370,1,72,6,2,NULL,1,NULL,0.01177777777777778,0.24399999999999997,0.7442222222222221,0.6686222222222223,7,1,1
3.5798332546798806,371,21,12714,133,62,29,20,47,0.04699999999999997,0.19944329896907229,0.753529209621993,0.6208893470790376,244,42,5
4.521186440677966,372,3,472,26,NULL,NULL,1,3,0.05093333333333334,0.2011333333333333,0.7479666666666667,0.6231133333333333,25,4,1
3.2213930348258706,373,4,603,25,1,2,1,16,0.07928888888888888,0.15942222222222224,0.7612000000000001,0.29714888888888896,29,16,NULL
3.0,374,1,9,NULL,2,NULL,NULL,1,0.06266666666666666,0.14466666666666664,0.7919999999999999,0.29083333333333333,2,1,NULL
4.2084364454443195,375,10,4445,114,13,4,5,27,0.05170552147239263,0.18566871165644164,0.7626134969325151,0.6852503067484668,141,22,NULL
1.5,376,1,9,NULL,NULL,NULL,1,2,0.08,0.06833333333333332,0.8513333333333334,-0.004899999999999997,1,2,NULL
4.199787585555818,377,26,12711,227,54,21,20,30,0.03825,0.21657386363636377,0.7451903409090911,0.7158764204545451,317,33,2
4.084755403868032,378,30,10548,187,87,29,20,40,0.04273553719008262,0.20514600550964168,0.7521074380165294,0.6793085399449039,322,37,4
4.234416766745438,379,14,25813,236,66,23,25,41,0.039803069053708444,0.21502557544757037,0.745143222506394,0.6987739130434784,343,45,3
3.4021937842778796,380,9,2188,45,21,9,8,21,0.050653846153846174,0.19275000000000003,0.7565673076923078,0.535560576923077,85,18,1
4.16289592760181,381,8,5967,92,14,7,5,15,0.044067669172932304,0.22207518796992481,0.7338646616541354,0.6688563909774438,117,15,1
3.0,382,1,88,NULL,2,1,3,2,0.117375,0.07575000000000001,0.806875,0.006724999999999953,4,3,1
2.6767554479418885,383,19,826,38,11,6,9,41,0.06835238095238093,0.14010476190476195,0.7915238095238094,0.31338285714285724,69,36,NULL
3.3806068601583115,384,6,9096,74,21,16,14,48,0.04967052023121385,0.17041040462427748,0.7798843930635837,0.4821976878612715,135,36,2
3.203765977156749,385,31,186751,367,323,199,192,301,0.055897250361794625,0.18758248914616493,0.7565267727930539,0.5395179450072355,1090,283,9
3.921862733230732,386,98,289145,741,545,291,249,470,0.05516986062717779,0.19961933797909429,0.7452116724738672,0.5438419425087099,1831,444,21
3.735730582083224,387,26,49529,253,130,61,41,91,0.04027083333333334,0.22132638888888895,0.7383993055555559,0.6319265624999999,479,89,8
3.516710262892549,388,47,205293,540,405,217,191,285,0.049210622710622764,0.1986074481074482,0.7521691086691102,0.6035853479853479,1371,256,11
2.582651972982581,389,13,5626,44,29,17,21,67,0.0631685393258427,0.13847191011235957,0.7983595505617976,0.36435280898876404,126,48,4
4.016745739176434,390,28,60493,277,171,66,47,74,0.0398677165354331,0.21005196850393706,0.7501133858267718,0.6818730708661416,553,79,3
3.5058858739026335,391,16,5012,74,36,20,17,49,0.05515816326530615,0.1841326530612246,0.7607193877551016,0.5034821428571428,156,36,4
3.8127963852982236,392,26,93839,312,222,112,71,139,0.04755257009345797,0.2014334112149534,0.7509999999999999,0.6237720794392527,720,123,13
3.393520045578578,393,26,33349,188,121,61,48,114,0.05271804511278192,0.19749812030075184,0.7497706766917295,0.5496830827067674,431,96,5
3.8459975133894413,394,25,62736,223,159,91,66,122,0.05006505295007567,0.19147049924357057,0.7584720121028742,0.5162668683812408,523,128,10
3.680472830569046,395,40,32739,329,138,59,67,177,0.05349999999999994,0.1936701298701299,0.7528220779220766,0.542359740259741,620,147,3
4.344386432004426,396,17,144605,359,139,48,33,54,0.03381516587677726,0.23774407582938378,0.7284391785150075,0.7328129541864142,578,51,4
3.6656118143459917,397,41,21804,234,121,49,45,115,0.04654787234042552,0.19303900709219854,0.7604237588652483,0.5641549645390072,463,91,10
3.6300297845003797,398,36,34246,275,94,52,53,173,0.06538639876352395,0.16341885625965996,0.7711746522411126,0.43689999999999984,475,163,9
3.1380237648530334,399,25,7995,123,33,24,21,101,0.061526490066225174,0.15917880794701986,0.7793013245033111,0.43544602649006664,222,79,1
4.284115368058545,400,13,44137,193,94,41,22,56,0.04760098522167482,0.20979556650246298,0.7425935960591132,0.6330783251231531,341,61,4
3.5,401,1,110,1,6,1,NULL,2,0.054400000000000004,0.1866,0.7591000000000001,0.7978099999999999,9,1,NULL
4.735294117647059,402,2,51,7,1,NULL,NULL,1,0.05733333333333333,0.21355555555555555,0.7292222222222222,0.37026666666666663,6,3,NULL
1.6896551724137931,403,2,29,1,NULL,NULL,NULL,6,0.13485714285714284,0.05971428571428571,0.8052857142857144,-0.7097999999999999,NULL,7,NULL
3.3603318846305807,404,10,2531,53,18,12,10,35,0.055242187499999984,0.19749218750000005,0.7472499999999997,0.44118749999999995,95,32,1
3.4616487455197134,405,12,1395,43,9,8,4,37,0.06461386138613862,0.18064356435643558,0.7547920792079209,0.38807227722772264,73,27,1
3.2132075471698114,406,5,265,16,3,2,1,11,0.07142424242424242,0.13493939393939394,0.7935757575757575,0.3087757575757576,23,10,NULL
3.1751644221735047,407,17,15965,86,62,33,27,76,0.05965140845070425,0.17349999999999985,0.7668450704225354,0.4292003521126757,213,69,2
4.357800454772336,408,20,36062,234,78,24,31,60,0.045093676814988264,0.2176814988290396,0.7372318501170959,0.594397658079625,355,64,8
3.9039379474940334,409,11,838,39,12,3,9,8,0.04459154929577465,0.1947042253521127,0.760732394366197,0.6462070422535212,61,10,NULL
3.798507462686567,410,7,335,20,4,3,2,11,0.048075,0.21325000000000002,0.7385999999999997,0.5129775,32,8,NULL
3.1178851558240006,411,18,23841,121,86,58,49,80,0.052804568527918774,0.1900532994923859,0.7571522842639589,0.5326081218274116,311,80,3
2.916273388484815,412,27,18011,107,91,76,46,118,0.06445205479452049,0.16324200913242007,0.7723242009132418,0.41686347031963467,322,109,7
3.5808261344454375,413,21,10071,83,81,39,32,68,0.05049504950495052,0.17170297029702963,0.7778382838283832,0.4816471947194719,242,58,3
3.9959349593495936,414,7,5289,71,17,8,15,23,0.0411044776119403,0.22213432835820898,0.736783582089552,0.6461977611940299,114,19,1
3.8607300241124136,415,23,24054,188,116,42,36,70,0.046402654867256615,0.20905752212389372,0.7445597345132738,0.5993803097345135,379,66,7
3.8181818181818183,417,12,2805,59,22,17,11,24,0.04901503759398496,0.19666165413533834,0.7543308270676693,0.5475541353383458,103,26,4
3.717223650385604,418,7,778,34,6,2,1,14,0.04942105263157895,0.18436842105263163,0.7662280701754388,0.4789052631578947,42,13,2
3.5,419,1,130,4,3,NULL,2,1,0.0503,0.18439999999999998,0.7651999999999999,0.77484,10,NULL,NULL
3.9190550425710518,420,6,8339,75,10,1,6,36,0.043796875000000006,0.1915546875,0.7646171875,0.48740859374999984,96,31,1
3.5,423,1,81,3,3,NULL,1,2,0.036555555555555556,0.17988888888888888,0.7835555555555556,0.5964,8,1,NULL
5.0,424,1,90,10,NULL,NULL,NULL,NULL,0.030400000000000003,0.1688,0.8007,0.9124799999999998,10,NULL,NULL
3.1899916020352714,425,20,20243,136,51,36,39,88,0.0552114285714286,0.20216857142857148,0.742602857142857,0.517390285714286,276,71,3
3.610726643598616,426,4,867,25,7,2,2,13,0.04544897959183673,0.17702040816326534,0.7775510204081633,0.5663489795918365,40,9,NULL
3.4998528879232302,427,15,44184,148,86,42,35,76,0.04805943152454782,0.19897416020671835,0.753,0.5679617571059433,308,74,5
3.883046614872364,428,15,79288,222,137,57,44,65,0.04036000000000001,0.2312514285714286,0.728419047619048,0.6891586666666665,459,62,4
3.5514285714285716,429,2,175,8,2,2,1,2,0.0232,0.20520000000000002,0.7715333333333336,0.7159466666666667,14,1,NULL
1.5,431,1,30,NULL,1,NULL,NULL,4,0.11379999999999998,0.14940000000000003,0.7367999999999999,-0.3399,1,4,NULL
3.25886899918633,432,25,12290,103,65,41,37,113,0.061832869080780006,0.15503899721448478,0.7831169916434537,0.37121086350974947,255,95,9
2.8244672454617206,433,14,6335,89,39,16,12,62,0.058518348623853224,0.16717431192660556,0.7743027522935776,0.4894266055045873,172,46,NULL
3.9262516914749663,434,7,1478,38,10,5,4,9,0.033590909090909095,0.19701515151515145,0.7694393939393934,0.7787757575757575,62,4,NULL
4.0,435,1,20,3,NULL,NULL,NULL,1,0.05475,0.136,0.80925,0.16147500000000004,2,2,NULL
3.6228571428571428,436,3,175,13,1,NULL,1,4,0.03742105263157895,0.1855263157894737,0.7769473684210526,0.5380052631578948,15,4,NULL
4.26930776525129,437,14,9491,159,35,7,8,33,0.036429752066115685,0.20829338842975206,0.7552438016528924,0.7143185950413226,219,21,2
4.465714285714285,438,2,175,13,NULL,NULL,1,1,0.03313333333333333,0.14706666666666665,0.8198000000000002,0.7346133333333333,14,1,NULL
3.5,439,1,30,3,NULL,NULL,NULL,2,0.064,0.11680000000000001,0.8192,0.15467999999999998,3,2,NULL
3.6860493357139106,440,44,152344,395,359,183,162,190,0.04942979053529869,0.1950775795190071,0.7554910783553143,0.6143413498836306,1073,205,11
3.5,444,1,9,1,1,NULL,1,NULL,0.029333333333333333,0.16333333333333336,0.8073333333333332,0.6890333333333333,3,NULL,NULL
3.0,449,1,121,3,3,NULL,2,3,0.07018181818181818,0.20318181818181816,0.7265454545454546,0.5298909090909091,9,2,NULL
3.8871413390010625,450,5,4705,36,32,15,8,10,0.04159405940594059,0.20997029702970288,0.7483960396039603,0.6756554455445547,89,12,NULL
3.0,451,1,238,6,3,1,1,6,0.053117647058823526,0.14688235294117646,0.7999999999999999,0.4719764705882353,14,3,NULL
2.592391304347826,452,7,1564,21,10,4,7,31,0.06845205479452054,0.17157534246575343,0.759945205479452,0.32933561643835607,51,21,1
4.377094421446875,453,12,5073,111,19,6,9,19,0.03993902439024392,0.17294512195121958,0.7810426829268291,0.6529768292682927,142,20,2
1.5,454,1,110,1,1,NULL,NULL,8,0.1301,0.040499999999999994,0.8295999999999999,-0.69805,1,9,NULL
4.46969696969697,456,2,198,9,5,1,1,2,0.03994444444444444,0.1950555555555556,0.7651111111111111,0.8559166666666668,18,NULL,NULL
4.0883280757097795,457,2,317,14,2,1,1,3,0.020523809523809524,0.23242857142857148,0.7470952380952381,0.7571095238095238,19,2,NULL
2.874087824862374,458,4,7811,21,34,24,27,25,0.05204580152671757,0.18264122137404593,0.7652748091603057,0.4663648854961832,98,30,3
3.0,459,1,24,2,NULL,NULL,NULL,2,0.04425,0.21925,0.7362500000000001,0.4506,3,1,NULL
5.0,463,1,3,1,NULL,NULL,NULL,NULL,0.028,0.142,0.83,0.9728,1,NULL,NULL
3.591248579314824,467,10,12318,130,44,34,25,49,0.04334397163120565,0.22226950354609937,0.73436524822695,0.5752918439716311,231,48,3
5.0,468,1,8,2,NULL,NULL,NULL,NULL,0.0,0.4325,0.5675,0.7626,2,NULL,NULL
5.0,470,2,748,31,NULL,NULL,NULL,NULL,0.039,0.1774193548387097,0.7835483870967741,0.6925999999999999,30,1,NULL
4.975241722824495,473,4,20478,141,9,1,5,14,0.032176470588235286,0.18508823529411772,0.7826941176470588,0.7072594117647059,156,13,1
5.0,500,3,329,25,1,NULL,NULL,1,0.024333333333333335,0.26499999999999996,0.7106296296296295,0.8540777777777777,27,NULL,NULL
3.0,511,1,9,1,NULL,1,NULL,1,0.11133333333333333,0.03133333333333333,0.8576666666666667,-0.4361,1,2,NULL
4.07787610619469,519,12,1695,65,5,3,8,25,0.05388679245283019,0.2006981132075472,0.7453867924528305,0.5452735849056602,85,21,NULL
3.228079331941545,520,5,5748,54,19,14,17,23,0.04792125984251967,0.2180708661417323,0.7340236220472444,0.6391944881889763,107,20,NULL
4.037907047081359,539,6,9919,78,32,10,9,9,0.043369565217391284,0.23020289855072448,0.7263913043478261,0.6978115942028986,119,17,2
2.5,559,1,306,3,2,4,3,6,0.09011111111111113,0.1728888888888889,0.7368333333333332,0.34630000000000005,12,5,1
4.450980392156863,560,3,51,6,3,1,1,NULL,0.037181818181818184,0.2196363636363636,0.7432727272727273,0.7502545454545455,10,1,NULL
4.0,565,1,1800,21,11,4,3,1,0.04567500000000001,0.222275,0.73205,0.659845,35,2,3
5.0,566,1,30,5,NULL,NULL,NULL,NULL,0.014800000000000002,0.221,0.7644,0.9245199999999999,5,NULL,NULL
2.546783625730994,571,5,855,8,10,8,11,22,0.0765593220338983,0.14967796610169487,0.7736271186440676,0.18795423728813568,35,23,1
2.8453947368421053,575,6,152,7,4,2,1,14,0.07871428571428572,0.15732142857142858,0.7640357142857143,0.17807857142857145,15,11,2
3.5825720309205904,580,10,1423,44,13,7,7,25,0.058479166666666665,0.19999999999999998,0.7415208333333331,0.46564374999999986,72,21,3
4.0,590,1,24,1,4,1,NULL,NULL,0.10383333333333333,0.258,0.638,0.46144999999999997,5,1,NULL
5.0,598,1,483,18,2,NULL,1,NULL,0.007619047619047619,0.24709523809523806,0.7452857142857142,0.9408333333333332,21,NULL,NULL
4.0,611,2,35736,91,39,32,14,14,0.03541578947368421,0.2444578947368422,0.7201263157894735,0.7078578947368418,170,19,1
3.0,624,1,36,2,1,NULL,1,2,0.072,0.1485,0.7796666666666665,0.6005166666666666,5,1,NULL
5.0,630,2,18,6,NULL,NULL,NULL,NULL,0.0265,0.217,0.7565,0.8703166666666666,6,NULL,NULL
3.350974432326122,631,15,11186,75,42,27,25,57,0.05740265486725661,0.18614159292035398,0.7520929203539821,0.47704646017699104,167,52,7
4.0,637,1,25,3,NULL,NULL,2,NULL,0.025,0.2326,0.7422000000000001,0.76458,4,1,NULL
3.547024952015355,650,17,7294,72,47,23,12,22,0.0447159090909091,0.19626136363636357,0.7590625000000002,0.6014448863636365,145,24,7
2.506787330316742,651,3,1326,9,2,7,13,15,0.07432608695652174,0.1389347826086956,0.7867608695652172,0.14561086956521743,22,20,4
3.5,674,1,9,NULL,1,2,NULL,NULL,0.021333333333333333,0.22833333333333336,0.7503333333333334,0.8945666666666666,3,NULL,NULL
3.508695652173913,691,2,3450,17,22,7,5,11,0.04599999999999999,0.2068387096774193,0.7472096774193547,0.685532258064516,54,8,NULL
